GroupType,Group,NEWGroup,GroupSMTP,NEWGroupSMTP,PrimarySMTPDomain,Member,MemberSMTP,NEWMemberSMTP,MemberType
MailUniversalDistributionGroup,TestMoveUDG,CLOUDTestMoveUDG,TestMoveUDG@RamichOnline.com,CLOUDTestMoveUDG@RamichOnline.com,RamichOnline.com,JaneDoe@ramichonline.com,JaneDoe@ramichonline.com,JaneDoe@ramichonline.com,UserMailbox
MailUniversalDistributionGroup,TestMoveUDG,CLOUDTestMoveUDG,TestMoveUDG@RamichOnline.com,CLOUDTestMoveUDG@RamichOnline.com,RamichOnline.com,ExAdmin@geraldramich.com,ExAdmin@geraldramich.com,ExAdmin@geraldramich.com,MailForestContact
MailUniversalDistributionGroup,TestMoveUDG,CLOUDTestMoveUDG,TestMoveUDG@RamichOnline.com,CLOUDTestMoveUDG@RamichOnline.com,RamichOnline.com,MayorBob@ramichonline.com,MayorBob@ramichonline.com,MayorBob@ramichonline.com,UserMailbox
MailUniversalDistributionGroup,TestMoveUDG,CLOUDTestMoveUDG,TestMoveUDG@RamichOnline.com,CLOUDTestMoveUDG@RamichOnline.com,RamichOnline.com,Exadmin2016@ramichonline.com,Exadmin2016@ramichonline.com,Exadmin2016@ramichonline.com,RemoteUserMailbox
MailUniversalDistributionGroup,TestMoveUDG,CLOUDTestMoveUDG,TestMoveUDG@RamichOnline.com,CLOUDTestMoveUDG@RamichOnline.com,RamichOnline.com,exadmin2019@ramichonline.com,exadmin2019@ramichonline.com,exadmin2019@ramichonline.com,UserMailbox
MailUniversalSecurityGroup,TestMoveUSG,CLOUDTestMoveUSG,TestMoveUSG@RamichOnline.com,CLOUDTestMoveUSG@RamichOnline.com,RamichOnline.com,O365Admin@ramichonline.com,O365Admin@ramichonline.com,O365Admin@ramichonline.com,RemoteUserMailbox
MailUniversalSecurityGroup,TestMoveUSG,CLOUDTestMoveUSG,TestMoveUSG@RamichOnline.com,CLOUDTestMoveUSG@RamichOnline.com,RamichOnline.com,CLOUDTestMoveUDG@RamichOnline.com,TestMoveUDG@RamichOnline.com,CLOUDTestMoveUDG@RamichOnline.com,MailUniversalDistributionGroup
